

[
    {
        "productid":"1",
        "name":"Birthday Bouquets",
        "imageURL":"./images/product1.jpg",
        "category":"event",
        "color":"red",
        "manufacturer":"ABC",
        "material":"rubber",
        "size":"large",
        "price":"$10",
        "quantityInStock":"40"

    },
    {
        "productid":"2",
        "name":"Inch Circus Ballons Clown Magic Hat",
        "imageURL":"./images/product2.jpg",
        "category":"Other",
        "color":"blue",
        "manufacturer":"XYZ",
        "material":"latex",
        "size":"medium",
        "price":"$20",
        "quantityInStock":"20"
    },
    {
        "productid":"3",
        "name":"Coral Latex Dark Blue",
        "imageURL":"./images/product3.jpg",
        "category":"other",
        "color":"green",
        "manufacturer":"ABC",
        "material":"nylon",
        "size":"medium",
        "price":"$15",
        "quantityInStock":"35"

    },
    {
        "productid":"4",
        "name":"Black Long Twisty Balloon",
        "imageURL":"./images/product4.jpg",
        "category":"event",
        "color":"white",
        "manufacturer":"XYZ",
        "material":"rubber",
        "size":"large",
        "price":"$12.5",
        "quantityInStock":"70"

    },
    {
        "productid":"5",
        "name":"Cartoon Cat Fol Balloon",
        "imageURL":"./images/product5.jpg",
        "category":"other",
        "color":"blue",
        "manufacturer":"ABC",
        "material":"latex",
        "size":"small",
        "price":"$6.5",
        "quantityInStock":"67"

    }
    

]