

[
    {
        "productid":"1",
        "name":"Birthday Bouquets",
        "price":"$10"

    },
    {
        "productid":"2",
        "name":"Birthday Ballons2",
        "price":"$20"
    },
    {
        "productid":"3",
        "name":"Birthday Bouquets3",
        "price":"$15"

    },
    {
        "productid":"4",
        "name":"Birthday Ballons4",
        "price":"$25"
    },
    {
        "productid":"5",
        "name":"Birthday Ballons5",
        "price":"$30"
    }
    

]